{"version":"0.7.3","commands":{"build":{"id":"build","description":"build docs","strict":true,"pluginName":"dbdocs","pluginAlias":"dbdocs","pluginType":"core","aliases":[],"flags":{"project":{"name":"project","type":"option","description":"project name","multiple":false},"password":{"name":"password","type":"option","char":"p","description":"password for project","multiple":false}},"args":[{"name":"filepath","description":"dbml file path"}]},"login":{"id":"login","description":"login to dbdocs\nlogin with your dbdocs credentials\n","strict":true,"pluginName":"dbdocs","pluginAlias":"dbdocs","pluginType":"core","aliases":[],"flags":{},"args":[]},"logout":{"id":"logout","description":"logout\nclears local login credentials\n","strict":true,"pluginName":"dbdocs","pluginAlias":"dbdocs","pluginType":"core","aliases":[],"flags":{},"args":[]},"ls":{"id":"ls","description":"list projects","strict":true,"pluginName":"dbdocs","pluginAlias":"dbdocs","pluginType":"core","aliases":[],"flags":{},"args":[]},"password":{"id":"password","description":"set password for your project or remove password","strict":true,"pluginName":"dbdocs","pluginAlias":"dbdocs","pluginType":"core","aliases":[],"flags":{"project":{"name":"project","type":"option","char":"p","description":"project name","helpValue":"project name","multiple":false},"set":{"name":"set","type":"option","char":"s","description":"password for your project","helpValue":"password","multiple":false},"remove":{"name":"remove","type":"boolean","char":"r","description":"remove password from your project","allowNo":false}},"args":[]},"remove":{"id":"remove","description":"remove docs","strict":true,"pluginName":"dbdocs","pluginAlias":"dbdocs","pluginType":"core","aliases":[],"flags":{},"args":[{"name":"project_name","description":"name of the project which you want to remove"}]},"rename":{"id":"rename","description":"change your username","strict":true,"pluginName":"dbdocs","pluginAlias":"dbdocs","pluginType":"core","aliases":[],"flags":{},"args":[]},"token":{"id":"token","description":"generate or revoke your authentication token","strict":true,"pluginName":"dbdocs","pluginAlias":"dbdocs","pluginType":"core","aliases":[],"flags":{"generate":{"name":"generate","type":"boolean","char":"g","description":"generate authentication token","allowNo":false},"revoke":{"name":"revoke","type":"boolean","char":"r","description":"revoke authentication token","allowNo":false}},"args":[]},"validate":{"id":"validate","description":"validate docs content","strict":true,"pluginName":"dbdocs","pluginAlias":"dbdocs","pluginType":"core","aliases":[],"flags":{},"args":[{"name":"filepath","description":"dbml file path"}]}}}